,Expert,Mean Expert Returns,Mean Model Returns,Std Expert Returns,Std Model Returns
0,Ant-v2,4643.365418786905,4715.05991767709,721.4002463914263,100.72547920792495
1,HalfCheetah-v2,4148.390452675043,3888.7729143892707,93.05203997898461,81.7943569025381
2,Hopper-v2,3777.4274321394355,634.4887603614909,3.983109189489612,6.815470725265937
3,Humanoid-v2,10414.474914838716,1280.5544221714886,49.053790170153356,946.1556001788188
4,Reacher-v2,-3.4846702778544505,-12.21583010891335,1.929408034966403,2.441111574623236
5,Walker2d-v2,5515.393810156049,771.3692224526912,57.08876116274334,458.8436858903039
